INSERT INTO Cars (CarSerial, Manufacturer, Model, Mass, Price)
VALUES (123456789, 'Honda', 'Vessel', 150, 110000),
       (123456780, 'Honda', 'Vessel', 150, 110000),
       (123456781, 'Honda', 'Vessel', 150, 110000),
       (123456782, 'Honda', 'Vessel', 150, 110000),
       (123458976, 'Toyota', 'Camry', 120, 90000),
       (123458970, 'Toyota', 'Camry', 120, 90000),
       (123458971, 'Toyota', 'Camry', 120, 90000),
       (123458972, 'Toyota', 'Camry', 120, 90000),
       (123458973, 'Toyota', 'Camry', 120, 90000),
       (123902805, 'Bently', 'Flying Spur', 108, 250300),
       (123902801, 'Bently', 'Flying Spur', 108, 250300),
       (123902802, 'Bently', 'Flying Spur', 108, 250300),
       (123902803, 'Bently', 'Flying Spur', 108, 250300),
       (123902804, 'Bently', 'Flying Spur', 108, 250300),
       (293105783, 'BMW', 'Series 8', 350, 280000),
       (293105780, 'BMW', 'Series 8', 350, 280000),
       (293105781, 'BMW', 'Series 8', 350, 280000),
       (293105782, 'BMW', 'Series 8', 350, 280000),
       (939017395, 'Audi', 'R8', 380, 500000),
       (939017390, 'Audi', 'R8', 380, 500000),
       (939017391, 'Audi', 'R8', 380, 500000),
       (939017392, 'Audi', 'R8', 380, 500000),
       (290378456, 'Audi', 'A4', 300, 420000),
       (290378451, 'Audi', 'A4', 300, 420000),
       (290378450, 'Audi', 'A4', 300, 420000),
       (290378452, 'Audi', 'A4', 300, 420000),
       (290378453, 'Audi', 'A4', 300, 420000),
       (488928734, 'McLaren', '720s', 890, 790000),
       (488928731, 'McLaren', '720s', 890, 790000),
       (488928732, 'McLaren', '720s', 890, 790000),
       (488928733, 'McLaren', '720s', 890, 790000),
       (902387498, 'Lamborghini', 'Huracane', 700, 650000),
       (223124335, 'Porche', 'Taycan', 258, 975000),
       (003115660, 'Tesla', 'Model X', 360, 350000),
       (003115661, 'Tesla', 'Model X', 360, 350000),
       (003115662, 'Tesla', 'Model X', 360, 350000),
       (003115663, 'Tesla', 'Model X', 360, 350000),
       (587298341, 'Hyundai', 'Elantra', 210, 85000);

INSERT  INTO SalesPersons (SalesID, PersonName)
VALUES (1, 'John Smith'),
       (2, 'Sarah Sally'),
       (3, 'Rainy Vera'),
       (4, 'Jean Avery'),
       (5, 'Operah Pen'),
       (6, 'Vimy Lucy');

INSERT INTO Customer (CustID, CustName, CustPhone)
VALUES (1, 'Jane Doe', 81234567),
       (2, 'Emilia Sarah', 82345678),
       (3, 'Zoe Am', 83456789),
       (4, 'Frank Mill', 91234567),
       (5, 'Kim J', 90123456),
       (6, 'Billy H', 91234566),
       (7, 'Francis P', 91112223),
       (8, 'Zenia M', 90000001);

INSERT INTO Sales (SaleDate, CustID, SalesID, CarSerial)
VALUES ('2021-12-12', 1, 1, 123456789),
       ('2021-11-15', 2, 2, 587298341),
       ('2021-03-10', 3, 3, 290378456),
       ('2021-09-09', 1, 6, 123902804),
       ('2021-08-25', 2, 4, 123458976),
       ('2021-11-30', 4, 1, 488928734),
       ('2021-01-01', 1, 1, 223124335),
       ('2021-03-05', 7, 2, 290378451),
       ('2021-05-18', 8, 5, 939017390),
       ('2021-07-19', 5, 4, 939017392),
       ('2021-06-06', 6, 3, 003115663),
       ('2021-01-21', 7, 5, 488928731),
       ('2021-06-22', 4, 1, 488928732),
       ('2021-03-03', 8, 5, 003115662);



